specimen_id,apical_dendrite_average_diameter_none,apical_dendrite_bias_x,apical_dendrite_bias_y,apical_dendrite_contraction_none,apical_dendrite_early_branch_none,apical_dendrite_extent_x,apical_dendrite_extent_y,apical_dendrite_hist_pc_0_none,apical_dendrite_hist_pc_1_none,apical_dendrite_hist_pc_2_none,apical_dendrite_hist_pc_3_none,apical_dendrite_hist_pc_4_none,apical_dendrite_max_branch_order_none,apical_dendrite_max_euclidean_distance_none,apical_dendrite_max_path_distance_none,apical_dendrite_mean_bifurcation_distance_none,apical_dendrite_num_branches_none,apical_dendrite_num_outer_bifurcations_none,apical_dendrite_pct_above_basal_dendrite_none,apical_dendrite_pct_below_basal_dendrite_none,apical_dendrite_pct_intersect_basal_dendrite_none,apical_dendrite_soma_percentile_x,apical_dendrite_soma_percentile_y,apical_dendrite_std_bifurcation_distance_none,apical_dendrite_total_length_none,apical_dendrite_total_surface_none,apical_dendrite_total_volume_none,basal_dendrite_average_diameter_none,basal_dendrite_bias_x,basal_dendrite_bias_y,basal_dendrite_contraction_none,basal_dendrite_emd_with_apical_dendrite_none,basal_dendrite_extent_x,basal_dendrite_extent_y,basal_dendrite_max_branch_order_none,basal_dendrite_max_euclidean_distance_none,basal_dendrite_max_path_distance_none,basal_dendrite_num_branches_none,basal_dendrite_num_stems_none,basal_dendrite_pct_above_apical_dendrite_none,basal_dendrite_pct_below_apical_dendrite_none,basal_dendrite_pct_intersect_apical_dendrite_none,basal_dendrite_soma_percentile_x,basal_dendrite_soma_percentile_y,basal_dendrite_soma_surface_none,basal_dendrite_stem_exit_down,basal_dendrite_stem_exit_side_less,basal_dendrite_stem_exit_side_more,basal_dendrite_stem_exit_up,basal_dendrite_total_length_none,basal_dendrite_total_surface_none,basal_dendrite_total_volume_none,soma_relative_depth_none,apical_dendrite_over_basal_dendrite_extent_x,apical_dendrite_over_basal_dendrite_extent_y,apical_dendrite_extent_x_over_y,basal_dendrite_extent_x_over_y,apical_dendrite_over_basal_dendrite_ratio_xy,soma_radius,depth_from_pia
640006296,0.6201858795372959,3.6905893529259686,212.6042841033541,0.8821351839280612,0.8961997423534421,474.5238877346094,246.7696042160297,157.61626406358118,104.31078187867833,150.06694533833783,48.99486077957139,59.03319576851347,11.0,298.6430576660037,334.71869652169664,0.16974667031111673,59.0,1.0791812460476249,0.6971520256718813,0.0,0.3028479743281187,0.498603909054647,0.9812524930195452,0.19114913436407333,2873.3674877314147,5596.854342415198,1047.4178992938944,0.6132805566293019,20.342350717033728,-47.360462731469354,0.8956507235314062,21.26403423206936,272.1948856291573,213.65855475646308,5.0,152.16754185009358,154.16936288898506,68.0,6.0,0.0,0.40162350212601466,0.5983764978739853,0.4889833784306146,0.31696946269810594,456.69724790157255,0.5,0.16666666666666666,0.3333333333333333,0.0,2931.9386598946166,5655.047388901489,906.365030471888,0.20806500811723705,1.7433240401919543,1.154971793651361,1.9229430190243226,1.2739713883182275,1.5094083247527277,6.0285,226.546764980642
640012241,0.5210978925900759,127.06464883631156,64.56118933890238,0.8799497085764426,0.7013218329473431,377.98996580204283,174.7856353625829,127.10147739215664,-117.24783274437038,8.758800548470754,8.423963302828607,76.8512344770498,11.0,254.8422897821121,297.5141694255841,0.2754117442377767,31.0,0.7781512503836436,0.010891763104152484,0.0,0.9891082368958476,0.2114208021753909,0.9605710401087696,0.2500622508768308,1727.8726711843285,2833.0555929701445,380.5910923170819,0.5009745811669563,35.48698110155828,20.348732180039814,0.8819467327747075,7.655527363491966,241.57533848212898,173.34720807825968,3.0,172.42855266196491,198.44760163472648,43.0,9.0,0.0,0.02097902097902098,0.9790209790209792,0.30618139803581745,0.44482957827845176,622.0311653332577,0.4444444444444444,0.2222222222222222,0.2222222222222222,0.1111111111111111,2038.0814651663586,3206.543998975755,402.09375430574636,0.126136731855724,1.5646877209281254,1.0082979547249116,2.162591708511538,1.3935923235237044,1.5518108646317847,7.0356,131.2929196455
661481525,0.6934192008303073,52.54564256268047,28.995791807987967,0.901376197654838,0.6813896095375773,526.8424277773693,107.5888660722302,299.70994587226886,-209.62071053880055,73.29211414769793,-135.7863584198946,-82.25558895849687,11.0,303.4717213627985,401.75579697418,0.19153020446064334,45.0,0.4771212547196624,0.0,0.0,1.0,0.2454592631032693,0.8936170212765957,0.1889185435704699,2391.602963636912,5215.690288809011,944.7925056974921,0.5821966286564202,102.32826131019623,1.690188103361308,0.8852839592177859,6.79890083228726,393.815210821316,151.1854499338107,7.0,252.94854758725143,276.2441362031813,70.0,8.0,0.009419930589985128,0.07436787307882994,0.9162121963311848,0.4422409519087754,0.451165096678235,427.7620625373266,0.25,0.25,0.375,0.125,2442.808140725296,4467.454330865837,651.1617837204591,0.125689981948424,1.3377909570293645,0.7116350556176724,4.896811789276333,2.6048486213040283,1.8798834409137033,5.8344,101.566789462055
739840659,0.5939637966101691,68.66014731350587,98.68670775209549,0.7935053826625891,0.7461463491580794,210.53291941011486,130.6522258978448,94.33411262919971,22.890679631341015,-79.98356920563207,69.60975442089506,72.2396585292845,10.0,200.0708657092781,281.0298613705961,0.19639922220548411,41.0,0.6020599913279624,0.3220338983050847,0.0,0.6779661016949152,0.22237288135593225,0.9783050847457628,0.16733295987913188,1789.0958452948971,3342.974738239986,539.0230879588539,0.5875850941850946,45.192372146652076,-7.7602945450362455,0.7847802112943442,16.107369063979235,198.74627632917355,107.08359610984456,4.0,123.8326998296088,149.84697096355418,34.0,4.0,0.0,0.3226863226863227,0.6773136773136773,0.3497133497133497,0.2784602784602785,606.9521825924307,0.5,0.25,0.25,0.0,1398.5299082143156,2579.610028104557,387.68551936360666,0.172685732594239,1.059304975663643,1.2200956135599326,1.6113994075747908,1.8559918003248876,0.8682147234124195,6.9498,123.790528054619
740373591,0.5561681866383867,65.06616466632248,127.34475727722055,0.8731976628165551,0.7166687106195532,281.5385200691427,127.34475727722055,24.19993795583481,-9.139859874499637,-76.06390846821846,50.97726196120996,18.109702633670548,7.0,198.80428425275448,244.71352314351017,0.15286352968371106,23.0,0.3010299956639812,0.2222222222222222,0.0,0.7777777777777778,0.3616118769883351,1.0,0.10001451041235827,1115.7090693732296,1942.7574441879485,300.40013487881816,0.5081840405319821,34.07459307635229,40.03050848506491,0.8694221942540359,13.459990734101984,184.0330844701259,150.40640720760632,4.0,118.93869775644932,136.52826372428865,48.0,6.0,0.0,0.4915597569209994,0.5084402430790007,0.27042431918936033,0.5718809373020899,354.2025432879608,0.5,0.0,0.3333333333333333,0.16666666666666666,1894.4411730079873,3030.262668043224,384.1621830566351,0.20606421057717494,1.5298255793503523,0.8466710936153556,2.2108371486095275,1.223572106313959,1.806871157981632,5.3091,182.759679929876
740401195,0.573974299384826,56.266702005530604,174.99825044744938,0.8276570131770663,0.5716989237673266,229.9796406759937,224.4610714393372,16.21838178094434,25.481198957425928,-4.368769734627163,-79.91289190334619,-11.092009163256204,10.0,245.7213910818511,301.9425229913344,0.29344019694845075,41.0,0.8450980400142568,0.6247436773752563,0.0,0.3752563226247437,0.3834586466165414,0.9596719070403279,0.20813192360429328,1698.8670279706196,3046.497860056569,509.64438204897095,0.510440867739678,0.3721302383102483,-61.1701373243713,0.834084124838938,21.53375111868353,246.57657253359432,195.02265107604882,5.0,133.98732820561807,149.77042383490098,77.0,7.0,0.0,0.3908327501749475,0.6091672498250524,0.4590622813156053,0.3470958712386284,597.5567797796098,0.42857142857142855,0.2857142857142857,0.2857142857142857,0.0,3215.2826587097497,5156.140064641559,662.5546168374234,0.231231303613759,0.9326905565801901,1.1509487241654248,1.024585863380537,1.2643483778581295,0.8103667322421353,6.8958,199.087661411184
742041338,0.6276794171220403,158.25919620570468,149.28603225384822,0.8631136302111015,0.5599466125235281,326.3841229341993,149.28603225384822,122.76362242101006,165.80004117434882,86.12659904078203,-18.7456572423193,-53.29419480672042,11.0,258.06179920656604,298.9393945731503,0.1689936137560902,50.0,0.6020599913279624,0.5546448087431693,0.0,0.4453551912568306,0.19489981785063748,1.0,0.12982392293326736,2518.456884020714,4981.217285472093,829.8084831345401,0.5693991899189919,15.32997059918256,-24.76147489028461,0.8294016258848876,17.361657477223133,207.64963638667354,184.23018133524707,5.0,116.93125990794763,129.63083353424972,61.0,5.0,0.0,0.7583258325832584,0.2416741674167417,0.4693969396939694,0.2961296129612961,479.5671566162416,0.6,0.2,0.2,0.0,2543.9256440198465,4547.298395572545,655.7826882816083,0.211636521656526,1.5718020441240987,0.8103234289401782,2.1863004730356206,1.1271206209628033,1.939721829566076,6.1776,188.93065077781
742049511,0.7298178715761119,49.875847465497294,159.33937306349,0.8338784930526884,0.7604871256185792,241.3722950276051,261.5577046346248,-25.527542304608712,60.23662800096734,176.92824614013742,-28.623544125640212,50.049560417378856,11.0,231.30269114943297,282.04472751722284,0.21888763345819295,57.0,0.8450980400142568,0.4860611510791367,0.0,0.5139388489208633,0.4265828468792097,0.9658733722496632,0.1556537483899945,2563.021740363933,5890.716278236621,1126.9479799246574,0.6561826560951436,1.730721248760318,3.7964163635192,0.8228510585431383,19.806711271220887,200.30958721305282,183.82589826447037,3.0,108.73780697158651,135.38284615249606,47.0,9.0,0.0,0.11694747274529235,0.8830525272547076,0.3736372646184341,0.3572844400396432,553.2455126395874,0.3333333333333333,0.2222222222222222,0.4444444444444444,0.0,2323.307955853061,4780.77669997502,810.3288286811812,0.2737625242532869,1.2049962180336244,1.4228555775004113,0.9228261708626893,1.0896701123411205,0.8468858238940109,6.6352,232.09561306132
742054277,0.6425361135758653,130.95412528490743,161.68412596834094,0.7929594519813697,0.4193790414749538,170.30751639263858,179.0358740349899,-55.206831023807,36.243001309352096,36.73189387590889,3.5003073871509627,51.956133220090464,7.0,231.60811173767203,254.51194770588302,0.2493749158887722,29.0,0.4771212547196624,0.0,0.0,1.0,0.05412599822537712,0.9787045252883764,0.17952664130004506,1292.8551939845227,2614.577740310669,439.8133637039758,0.6140962692026367,58.60130667649625,73.1141941694917,0.8275203081652303,6.4944687117333295,243.96879083906143,226.9936971265155,9.0,176.88268782633878,239.92082165741616,69.0,7.0,0.0040352164343360215,0.20432868672046955,0.7916360968451944,0.30029261155815656,0.6550841258229699,475.1369987694138,0.5714285714285714,0.14285714285714285,0.14285714285714285,0.14285714285714285,3096.8426622165284,5971.160123215369,938.5771913337396,0.233248429381416,0.6980709122954383,0.7887261906448609,0.9512479960265087,1.0747822249138697,0.8850611537632559,6.149,190.450916600726
743675437,0.553054612546125,198.18836935902831,119.07849311918068,0.8606152745128912,0.5100098372104667,198.18836935902831,181.56304584752544,-30.965976183479338,3.1169744932203223,-33.06327203022793,-27.492439185860324,46.956072302245566,9.0,268.9278007233912,318.43596142676466,0.3079398570700281,25.0,0.6020599913279624,0.0,0.0,1.0,0.0,0.9261992619926199,0.2024686517944288,1295.0717425189853,2246.0178509667335,318.28751059239283,0.5542616636528046,14.874072651555865,83.61874064469035,0.8317609235541767,10.208862433862434,173.7212451371447,265.35598143241407,5.0,178.508986248648,227.12489079505414,59.0,7.0,0.02403628117913832,0.14512471655328799,0.8308390022675737,0.3919529837251357,0.6039783001808319,642.2984985202487,0.14285714285714285,0.0,0.5714285714285714,0.2857142857142857,2581.6747514558297,4496.965355545124,632.8168155807338,0.216449022722975,1.140841289748804,0.6842244326562105,1.091567771590837,0.6546724298407849,1.6673495351809824,7.1493,183.458691513283
743688686,0.6099098434004491,28.591906501527106,243.90903510263783,0.8554832201860871,0.6465519123215614,176.82811341450798,273.0472128380345,65.8999678854254,-39.67106232605022,10.727180155431824,107.37275916116928,-29.49793172026033,9.0,266.43928222692693,326.8803363139621,0.44569881873677775,41.0,1.0791812460476249,0.7706113292204151,0.0,0.2293886707795849,0.3948545861297539,0.9854586129753916,0.24426391871893555,2126.660776446489,4086.732768160545,666.0190181834821,0.595407526020817,31.187285625404826,-47.744837266011295,0.8285115903190803,38.53023805823406,131.25773344279614,165.7725701681081,4.0,112.73556709539366,145.11734197477128,37.0,5.0,0.0,0.43775100401606426,0.5622489959839357,0.4443554843875101,0.4323458767013611,344.22634833507624,0.6,0.0,0.2,0.2,1510.3762485863178,2834.6488027972246,428.0755736004962,0.334402275763481,1.3471824385233044,1.6471193790452812,0.6476100289637399,0.7917940423418008,0.8179021239517994,5.2338,284.125572944369
824909637,0.5331625899280567,22.136174657273717,187.225105470846,0.8596054009837812,0.5560933542818024,222.6621508004397,239.61035825106896,-113.69171290974421,-1.3367529399923543,36.466595013925506,-25.294656855602327,35.748737638384796,9.0,222.70632234438253,264.732472020662,0.29758986995312503,31.0,0.6989700043360189,0.5260625501202887,0.0,0.4739374498797113,0.4892086330935251,0.9648281374900078,0.20165523899045024,1441.5095507956064,2414.5192778317887,347.27376629444825,0.4962566464646451,1.0544870154454458,-47.370939953000345,0.8501000876916743,22.382514469085613,236.93196240894366,175.57748848474793,4.0,126.20067623780784,138.90440951215078,61.0,7.0,0.0,0.3820907617504052,0.6179092382495948,0.4953535353535354,0.3208080808080808,402.9696246567031,0.42857142857142855,0.2857142857142857,0.2857142857142857,0.0,2829.599217641396,4410.122861393572,545.5266181679518,0.274389997525868,0.9397725344296337,1.364698631464269,0.9292676344447907,1.3494438521344123,0.6886300848864294,5.6628,246.927361829273
824937690,0.6346086105675149,87.78611810210683,93.39855802984869,0.8885388694697444,0.4978450594824335,224.08913767162244,251.21548755045586,-71.62951008889497,-61.63115625453086,0.4188601226046403,0.8602469721912241,1.7634289910310237,9.0,217.88050796489347,268.8391433499453,0.2756469037109235,29.0,0.6989700043360189,0.472852912142152,0.0,0.5271470878578479,0.4080234833659491,0.8796477495107632,0.30876920498769245,1183.1136873686196,2362.665800764439,380.3906472380424,0.6179966562173491,3.1488372229206334,-34.00013957048975,0.8637333553348578,23.923571758627205,184.47230297036282,187.37563921389375,4.0,125.66822979894322,145.28685642852508,50.0,8.0,0.0,0.08031914893617023,0.9196808510638298,0.457680250783699,0.2225705329153605,386.8524842765962,0.5,0.125,0.125,0.25,2207.551537140429,4283.650822057484,666.0466265859927,0.276582461938131,1.2147576306217873,1.3407051663940552,0.8920195958325015,0.9845052630335969,0.9060587376484759,5.5484,231.411782190325
831175106,0.7750391502276199,58.72250316674803,191.96395342558102,0.8393187445381473,0.8343164531549055,319.48439552180395,191.96395342558102,-46.115839548721816,-42.97459967399172,-17.695119429082062,27.368295322304736,-31.531861326409764,7.0,267.01273477918613,337.83615235205815,0.2295808945983271,29.0,0.6989700043360189,0.6846504559270516,0.0,0.31534954407294835,0.4696509863429438,1.0,0.17545474037786954,1520.095424406047,3710.3907549079827,839.0824501159012,0.6357521598272159,17.845004142773234,-34.918129314417854,0.8278577815814645,33.73179081843664,256.6003724849283,168.44486958386597,5.0,142.05836067778625,160.39215281295816,41.0,5.0,0.0,0.7796976241900648,0.2203023758099352,0.4389848812095032,0.2548596112311015,470.72739849960135,0.2,0.4,0.4,0.0,2098.5866784163213,4191.964774807741,680.6534392101843,0.2674382463245389,1.245065985009703,1.1396248155246147,1.6642936854582908,1.523349290001208,1.0925227040063616,6.1204,233.883416306282
847876759,0.5288967479674784,93.23584959528057,174.8311595052094,0.8654359075038703,0.3963737854888524,255.42012288931716,174.8311595052094,-12.232957888028665,-60.714249321956785,-108.76514069080679,-75.90469763319125,44.239248504336864,8.0,259.89820665785675,324.9116156946869,0.33970592588334586,27.0,0.8450980400142568,0.6701268742791234,0.0,0.32987312572087657,0.25813008130081305,1.0,0.21842447209623,1170.9357324997195,1941.140351318672,276.5031204319844,0.4959122580645168,7.617018156569286,-15.942774260391516,0.8947347176340312,21.283921267263366,228.26639456539462,179.2298026273587,4.0,118.76169414137712,129.54954713636928,43.0,7.0,0.0,0.6526128266033254,0.3473871733966746,0.4457478005865103,0.3718475073313783,444.7015059980513,0.42857142857142855,0.14285714285714285,0.2857142857142857,0.14285714285714285,1950.1260039533288,3035.73538420596,375.44083181675535,0.220494497827712,1.1189563114431347,0.97545808198375,1.4609530910404245,1.2735961944899818,1.1471085555696645,5.9488,189.646473762195
867650384,0.4937033557046983,214.60304557983486,-26.04941833793749,0.8997971592760856,0.6049092339926673,227.59579172262661,120.86120765828352,-34.959787926729014,-0.5260037827036865,-118.22828505305084,20.752072222655407,40.67633872195447,6.0,221.6085625548119,252.53209722096318,0.3294445712098065,21.0,0.6020599913279624,0.20864381520119224,0.0,0.7913561847988078,0.010738255033557043,0.6684563758389261,0.2883323707189725,896.3435932597313,1388.4483098918527,175.40950606530913,0.4910196480938422,28.56211581349557,-53.7016044706145,0.9010643468389972,8.108446772186836,188.57901564722187,131.3307784523733,5.0,140.14528871760191,172.21895702112775,36.0,6.0,0.0,0.03352412101390025,0.9664758789860998,0.3665689149560117,0.2749266862170088,423.57859561468405,0.0,0.3333333333333333,0.5,0.16666666666666666,1649.9145840969325,2544.828525729088,310.9193409633758,0.120434304748895,1.206898821385271,0.9202809050744603,1.8831169746881788,1.4359087631206684,1.311446119038643,5.8058,93.5773696021581
869634031,0.5167601839684647,23.684939851510354,161.97095214878613,0.8361290774995069,0.6204616132751055,264.7843711722764,188.47336440196042,19.00635829457432,31.475860741201785,-26.129027836573023,-105.04744948576588,9.934259119656812,9.0,211.59131153875384,267.0643181597984,0.3583482397902024,45.0,1.0791812460476249,0.5312075983717774,0.0,0.4687924016282225,0.4093298291721419,0.990144546649146,0.2466246020002185,1753.2455024556866,2846.6365795871875,384.9870646970761,0.5113425059747325,51.23214371035158,-27.29372603253279,0.8883666740101182,23.35771283442925,268.69324012973664,217.8959308216061,6.0,171.23899761719002,188.58883559764809,87.0,7.0,0.0,0.6184615384615385,0.3815384615384616,0.499146466370775,0.2744964151587573,587.1346783495442,0.2857142857142857,0.14285714285714285,0.2857142857142857,0.2857142857142857,3344.866857733404,5368.181046376019,693.5395093646815,0.19233310658468694,0.9854522988536188,0.864969637988631,1.4048901393173316,1.2331264705889293,1.1392912023422623,6.8354,184.987327994259
889271408,0.5405738019169324,8.1634642863051,148.6118348392998,0.8805802733397761,0.7593061706862929,169.5776308040219,181.0307588367241,-25.48578857696849,18.21864963203532,-7.960359234281361,-26.243298099091433,17.593613137232367,8.0,179.25665632703854,232.95904755639455,0.40101640725162985,39.0,0.9030899869919436,0.700479233226837,0.0,0.2995207667731629,0.3937699680511182,0.9800319488817892,0.2128084416834045,1541.3643155200737,2616.088647728035,379.37713252453676,0.4868341913177106,0.6448828691342499,-40.42400519982505,0.8843169665775669,24.834793105522138,209.60680435448086,152.56857410060655,5.0,116.96048153154129,134.87772359036114,71.0,7.0,0.0,0.4917402996542451,0.5082597003457549,0.4241260084517864,0.2043795620437956,482.3970515051484,0.2857142857142857,0.2857142857142857,0.2857142857142857,0.14285714285714285,3137.4994626025077,4800.515132562116,582.0366001157353,0.23750418917674,0.8090273182030733,1.1865533901978336,0.9367338008949516,1.3738530728894551,0.6818296798833338,6.1958,190.846611789543
895740736,0.6855397923875448,41.74586558403783,212.46831588075557,0.8809951125099655,0.5809387181828178,212.08653560560867,232.72316219757977,-77.1093456958328,-4.892174193287909,-24.87134373756396,71.24365613587206,-15.93313366223542,10.0,237.9080849187139,300.2605096600338,0.348463442481887,33.0,0.8450980400142568,0.6695804195804196,0.0,0.3304195804195804,0.3711072664359862,0.9801038062283736,0.2069398957998963,1356.3642870180115,2903.834026709682,537.9547072295085,0.6434596711041529,24.202260556593274,-19.222350895687555,0.8319517007140358,24.747134923899626,174.65894235094402,156.97325236002658,4.0,109.8922939382011,131.95792487571737,35.0,5.0,0.0,0.4117647058823529,0.5882352941176471,0.3750978856695379,0.4557556773688332,461.96987069102295,0.2,0.2,0.4,0.2,1502.7022722122367,3042.31047941443,498.6579197718261,0.33060300652604,1.2142895906209086,1.482565715487736,0.9113254289040178,1.1126669016856092,0.8190460483037881,6.0632,282.368613194062
898559010,0.5867983827493267,47.38537248826357,154.2829494695335,0.8111012887997756,0.5237380594957098,207.70446393113357,206.77643349731812,-168.687322440004,44.65909476871104,51.38722411260755,-31.46571461355484,-18.28973924353275,14.0,198.55431399156254,249.33636559819087,0.31410870177265504,43.0,0.6020599913279624,0.4611149346180317,0.0,0.5388850653819683,0.3564690026954178,0.9710242587601078,0.2347064421454425,1763.198077331638,3258.435221898628,583.5072505259633,0.5348061907139304,1.48706923142295,-32.660637919495656,0.8125868818471625,16.144291133842938,190.28360489368384,160.4689216417582,5.0,101.431646638808,124.61732741882214,60.0,6.0,0.0,0.25511732401397896,0.744882675986021,0.28756864702945584,0.25511732401397896,834.8945965396567,0.6666666666666666,0.0,0.16666666666666666,0.16666666666666666,2342.853350468703,3939.816468203191,547.476668302902,0.250878130600186,1.0915520758984107,1.2885762014338202,1.0044880860846626,1.1857972431477168,0.847099360273628,8.151,209.861050961221
898881170,0.5147700135685209,58.790513699680545,215.1895405412249,0.9220683699980884,0.6200578537921927,292.15446753814155,215.1895405412249,-23.98832072989684,4.288766363245752,25.54658304026783,44.093449444479674,35.14853313406304,11.0,260.5683065268106,305.47319146390566,0.34094751896820785,39.0,1.0,0.6719833564493759,0.0,0.3280166435506241,0.4301221166892809,1.0,0.18489400792061111,1806.6291749220354,2915.8802153657093,383.933690688276,0.5128343107220996,50.86036208054844,-39.47091141095376,0.8809645466471958,24.32717523175276,291.25071966658834,221.58337483866416,3.0,175.86858580616382,200.15628048573632,53.0,7.0,0.0,0.7310556285589137,0.2689443714410863,0.3768052516411379,0.29671772428884025,411.151540308849,0.2857142857142857,0.2857142857142857,0.42857142857142855,0.0,2848.938048847209,4585.128597188122,626.9821707268197,0.277248542130438,1.0031029893165166,0.9711447923288711,1.3576610963680742,1.3144069128771474,1.0329077571543248,5.72,239.097183637299
899368360,0.6708889966068871,6.51362716380828,221.30889256881161,0.8821773126585605,0.6341385819381223,253.80173862468982,344.89311615223363,27.79634812752039,-156.8204595442685,31.42434754718296,-19.088421863181818,-29.44619203702645,11.0,303.09559824408524,392.9394876253121,0.3298107428360124,49.0,1.041392685158225,0.7266117304895783,0.0,0.2733882695104217,0.4062045564711585,0.9481337857489094,0.24471414376022285,2403.491433064948,5044.567135278181,895.0567818778009,0.6276701333333344,13.663408550412033,-67.37114420571771,0.8460866703709793,37.1644094360963,235.1630832992401,144.54891263111716,4.0,126.53604732822184,142.57017759566895,36.0,4.0,0.0,0.14866666666666667,0.8513333333333334,0.41200000000000003,0.13266666666666665,511.153873700469,0.5,0.0,0.5,0.0,1732.1243333665384,3413.2636657517523,542.3934878178302,0.367053998612032,1.0792584238306333,2.385995922587025,0.735885196713127,1.6268754916155375,0.45233037224156003,6.3778,309.307990895064
899583778,0.5408217734855119,8.561820392193582,232.1314479110981,0.8663724536937953,0.6663145037435546,172.93487772942802,244.68323954557053,-22.068342178719984,-19.73775108661922,-33.846821350666644,-10.768288866736684,16.533989059198152,8.0,246.52557609422595,291.08193432333303,0.3907331090125416,23.0,0.6020599913279624,0.8319928507596068,0.0,0.1680071492403932,0.4802458296751537,0.9920983318700616,0.15694974212682844,1312.7259315374224,2228.791163751329,321.5685005708892,0.4988369297610442,9.027777194691467,-69.86269723531638,0.8049364291925514,33.78478507296184,175.81398277823277,190.46415264331955,3.0,133.107835063305,157.60291139961745,26.0,4.0,0.0,0.459358687546607,0.540641312453393,0.4764663287472846,0.33091962346126,529.6556930143672,0.5,0.25,0.25,0.0,1539.297409411716,2410.1532800247464,300.2821863329308,0.306453015870081,0.9836241406780689,1.2846681968747502,0.7067704271473818,0.9230817470806593,0.7656639613800358,6.4922,247.734131680304
904832267,0.4861351230425042,51.371369165732034,161.94740181431868,0.8327728106228729,0.5552228116205551,217.12382146312987,258.82975787897584,-38.06965842089235,-3.834655734507572,87.09901699133324,-8.499579788307166,37.315202497443344,9.0,231.14835708829943,312.916133544612,0.254442512374019,47.0,0.7781512503836436,0.5511945392491467,0.0,0.4488054607508533,0.3791946308724832,0.9205816554809844,0.16472358361189895,2046.2575717367592,3130.3581648818763,392.4701380569168,0.4928897491821166,20.072773607586626,-9.274855916657089,0.8543244955069809,22.044280516051874,183.89043655041058,171.41697990682408,5.0,114.82760297685387,127.40315614055443,51.0,5.0,0.0,0.1772082878953108,0.8227917121046892,0.4781897491821155,0.2818974918211559,506.579812814533,0.4,0.0,0.2,0.4,2093.582347350079,3241.021365910519,397.08739047052774,0.267901725543527,1.1807238349973077,1.5099423523834459,0.8388673050671904,1.0727667507055987,0.7819661678696102,6.3492,216.733322515728
904862358,0.5172109225092263,95.78224952932615,126.8050149695422,0.8652415860183025,0.6642449789174363,238.55147108789225,152.18198594638378,53.23156947333862,-3.341414893342457,-75.99975843553939,-68.499847117755,-15.604107524636982,8.0,209.85005378603074,251.54649078421485,0.20386459549561856,43.0,0.6020599913279624,0.53444360333081,0.0,0.46555639666919,0.4073800738007381,0.9911439114391144,0.17366666960330376,1601.4465554774906,2597.908266553633,345.9566904669972,0.494137103594081,7.692933214224553,-13.502614833575905,0.8861931188007065,18.987781951098786,188.26988490990053,154.09068605327204,4.0,101.0801075599942,114.0968296361128,56.0,6.0,0.0,0.4478168264110756,0.5521831735889244,0.43287526427061307,0.1686046511627907,497.49336377370753,0.5,0.16666666666666666,0.3333333333333333,0.0,2216.5834480750127,3437.481844512199,426.1598404936453,0.19882810922517494,1.2670718484905579,0.9876131377192494,1.5675407940328618,1.2218122310443351,1.2829637436949028,6.292,165.292797647462
910375338,0.5124521634615365,51.20375692681779,131.9065659334149,0.8532422706233525,0.7212544995745648,218.90682503547595,131.9065659334149,-9.048788547582244,-53.63125685279755,-99.24142190101584,-31.42690702151318,46.400593029802295,6.0,162.42212153204378,228.4356985179081,0.4547010465706405,21.0,0.6989700043360189,0.8774038461538461,0.0,0.12259615384615385,0.4471153846153846,1.0,0.27723311301970194,1001.6514460701468,1611.2022039714236,217.209280803671,0.4990861960784304,0.9508573422820348,-87.11135612262045,0.8641187827395358,25.58724641779789,186.20602734925882,149.73611414952381,4.0,128.34838943792792,145.18538376110448,65.0,9.0,0.0,0.9388235294117648,0.0611764705882353,0.4203921568627451,0.09294117647058824,515.7484921634202,0.6666666666666666,0.1111111111111111,0.2222222222222222,0.0,3036.5734061140997,4761.440081356039,592.6631005516277,0.177463327436466,1.1756162147473435,0.880926867126359,1.6595597306807146,1.2435612370928553,1.3345219207381882,6.4064,154.965654307318
912289883,0.7100979875086754,3.6651511929273255,190.68702524470882,0.8306510957755675,0.7421001026982119,168.42660927762162,197.7915591398492,-71.10759413718243,-8.314388394533722,13.171018050024214,48.587719707629155,-32.071989657855234,9.0,198.8648833499016,263.1469182048714,0.3206900597272976,35.0,0.7781512503836436,0.5535081502480511,0.0,0.44649184975194894,0.4746703678001388,0.9847328244274808,0.20732130687984351,1718.5428669824869,3821.8622741304353,716.2720837847037,0.6801628922237383,3.1937467859780924,-35.08737027285059,0.8572753774290484,25.24406486988829,184.81352573866505,183.96098232583543,4.0,114.78719624770872,130.41433874297186,57.0,7.0,0.0,0.5621162021728862,0.4378837978271137,0.4674852205547976,0.2683037744429286,496.7188029739914,0.42857142857142855,0.14285714285714285,0.2857142857142857,0.14285714285714285,2631.451155457981,5637.604139105965,978.3873857584764,0.25812952289199803,0.9113326992948813,1.075182120899511,0.8515358795394045,1.0046343708434844,0.8476077508919594,6.2871,219.026552615502
912301547,0.4766153256704981,252.7446375776957,13.4011721459745,0.8927869177653599,0.4803416602472856,280.1127127320508,161.1343590332151,72.70671952904583,-32.68604819992421,-3.232976651728205,61.87570154024449,-14.821648700666707,9.0,275.5620686853327,308.05367519908725,0.2537466625809312,29.0,0.3010299956639812,0.36950146627565983,0.0,0.6304985337243402,0.017241379310344827,0.8295019157088123,0.1757113791383534,1329.6419416689646,1988.0560387568455,236.04228502118977,0.4699749274521205,34.84143700513645,-53.61102966362293,0.8897300252017748,7.547057430647893,244.14792876693082,123.48146842448048,6.0,144.470733931063,167.52074330820204,46.0,6.0,0.0,0.0027605244996549345,0.9972394755003452,0.35925710969239705,0.2060359837492745,584.2863883046775,0.3333333333333333,0.16666666666666666,0.5,0.0,2038.4010559937408,3007.8198230881317,352.2611288879675,0.124126742629785,1.1473073482407168,1.304927460688262,1.7383797869845397,1.9772029915262,0.8792115905320814,6.8188,121.76193314959
912340608,0.507270856353592,72.14646131449429,159.9952020304241,0.8769327004322697,0.8537551195230745,321.9809982306452,166.74953833779117,30.02564053730805,138.63113587930692,-73.96095516471729,33.686716124582915,-0.06831121314535779,8.0,223.7768438160213,275.9312081705671,0.18358005210384853,35.0,0.4771212547196624,0.06075768406004289,0.0,0.9392423159399572,0.4675414364640884,0.9924033149171272,0.1741783705961967,1719.6145801474634,2736.453634526265,354.3573322738813,0.4957678965021596,16.814770659494727,32.950508283833564,0.8641414805005332,15.417470197661931,188.12796007491718,241.58216485111717,5.0,151.93117758393106,170.0540839425133,56.0,8.0,0.0,0.6221795487277965,0.3778204512722035,0.41447053186391947,0.3747005270723527,572.4874047260415,0.5,0.125,0.125,0.25,2471.4095012359803,3842.993069100774,474.3250003186861,0.234281873550899,1.7114999710963985,0.6902394406497515,1.930925875059369,0.7787328182560874,2.4795742901699325,6.7496,195.460764098864
912868696,0.6043639240506337,83.3050806348121,142.3702789617049,0.8895853420724137,0.7414613532438459,335.8722748756881,148.27787618465078,97.95209849710686,60.75910812525878,-23.568268562280803,3.278692771032085,-41.09398920057325,11.0,242.05351829655362,300.626195538874,0.17494839976913565,47.0,0.6020599913279624,0.4375396322130628,0.0,0.5624603677869372,0.3822784810126582,0.9974683544303796,0.18138826212430711,2088.074761524123,3950.667267908173,638.5639349479874,0.6183720212765962,0.5530219438484211,-5.096818794089842,0.8736419530176883,18.55714480003429,230.96973635788788,167.89998445557777,5.0,120.40814746124953,145.50151906946925,48.0,6.0,0.0,0.4667376263970197,0.5332623736029803,0.4867021276595744,0.4063829787234042,441.9249739506309,0.3333333333333333,0.16666666666666666,0.3333333333333333,0.16666666666666666,2420.708096924921,4703.9031696585325,748.9388861193022,0.20228319540217105,1.4541830465410135,0.8831321614796307,2.2651543407421455,1.3756388191864117,1.6466199624126747,5.9302,161.6300408778
912889454,0.5094735595895808,147.7911365698861,38.07284264063159,0.9067742921808136,0.8670222888099562,253.08443149782082,181.8558961593034,-228.25350765774587,56.6081713377076,67.41582647886801,-48.03683833272417,-9.049030558486,7.0,215.24601980408372,248.88979794600647,0.2438765324064273,31.0,0.3010299956639812,0.0,0.0,1.0,0.0489344909234412,0.9005524861878453,0.15204055551197507,1505.202074500429,2402.7594918935392,310.5461111269192,0.4999803786574872,1.6648739734638982,2.1794805882207555,0.8954472909010778,7.5704325524440215,197.12687664463505,222.41140031436242,4.0,127.48453278609915,144.3176291563217,74.0,6.0,0.0,0.01938819474364498,0.9806118052563548,0.2379518072289156,0.49569707401032703,444.7015059980513,0.3333333333333333,0.0,0.5,0.16666666666666666,2779.646082135835,4366.7891935777425,545.0432688060638,0.225745336944061,1.2838656798385828,0.8176554614658388,1.3916756995116735,0.8863164224765928,1.5701792996489659,5.9488,210.889699590889
912918179,0.4942630989421252,193.3933811670633,79.83924190771617,0.8395585416201227,0.6745241798697209,302.1646539524427,106.39252409940548,139.2002793708021,11.744336957818852,-27.545394699714517,23.431240489269648,-40.86424036059209,9.0,256.77594426988287,299.68808278362275,0.2757685485231802,37.0,0.6989700043360189,0.07878787878787878,0.0,0.9212121212121211,0.1474797759800871,0.9576851275668948,0.207205488215311,1810.572049839665,2809.2111218838822,365.8951064620217,0.5048621325648429,6.822825869001293,-3.3506154525296097,0.8130840524737719,9.593510446935106,215.52832835859303,148.73106588967624,6.0,115.07994621931309,128.8832690906576,42.0,6.0,0.0,0.16127023661270234,0.8387297633872977,0.3440922190201729,0.590778097982709,543.747912058453,0.3333333333333333,0.16666666666666666,0.3333333333333333,0.16666666666666666,1947.3495244924827,3087.7346761733306,397.13558626146306,0.132474048353692,1.401971871881757,0.7153349131399617,2.8400929154582504,1.4491143936160908,1.9598817926106853,6.578,126.821046035257
914412754,0.6908173728813584,100.51557750194056,98.2985691130378,0.8361677347614055,0.9020216245188816,289.9431968279058,141.58734100828156,35.995456845888185,40.01565157909157,-28.99786094249514,-8.14031557662327,18.123528282368415,7.0,224.7720544756844,282.8194917921752,0.09453518344523716,35.0,0.6020599913279624,0.17935578330893118,0.0,0.8206442166910688,0.3968926553672316,0.9823446327683616,0.1770344515144591,1733.5245777961013,3786.529368567021,691.9792520474845,0.6435343215507418,13.31834452361572,-26.055225913725963,0.8760104537913598,18.99876138065667,205.75798372430359,187.15303737262317,5.0,126.74615742096479,129.91967623324527,45.0,7.0,0.0,0.3545977011494253,0.6454022988505748,0.4657924743443558,0.19726339794754846,484.01787204008485,0.8571428571428571,0.0,0.0,0.14285714285714285,2116.1180812762627,4301.246684293255,711.2753882798679,0.174626059727575,1.409146763492796,0.7565324239241709,2.0478045195505636,1.0994103361231473,1.8626389549617484,6.2062,144.901644403374
915479566,0.5754836300976465,50.228218252961206,107.61481482021401,0.8183649128574045,0.622391207323189,306.11187782368165,213.8235175053516,69.73683800780437,-39.316329803245004,0.9312971781676456,-53.961666369565954,8.568044645106642,8.0,222.3747427365572,284.14750650529976,0.20068281672281746,45.0,0.8450980400142568,0.44514646754738657,0.0,0.5548535324526135,0.4807581849511775,0.8983342906375646,0.2306180706088017,2062.879524554486,3716.273628992882,630.5401236066399,0.5224259683578825,27.94149433621953,-50.19442736669176,0.8607675448756809,22.66037446733305,169.59581995560708,237.11917690681386,5.0,148.55932054812314,167.9674630009764,45.0,5.0,0.0,0.1778505182760502,0.8221494817239499,0.36442989634479,0.259683578832515,390.8509330060997,0.2,0.2,0.4,0.2,2114.7000826799926,3462.073491267561,464.8366020237432,0.20469795409466,1.8049494256627823,0.9017554813349521,1.4316099622485177,0.7152345169545566,2.0015951807587005,5.577,169.679641046146
919102928,0.5427182662538675,142.68285723559597,88.2291417747572,0.8587146095461524,0.5002288577303681,159.18054154630258,210.46145986011726,-19.6381293174175,3.241387393597732,-42.902283058487725,-9.74441773715976,-23.61929191800335,7.0,203.08858964808928,264.7714013246569,0.3339766268444153,25.0,0.6989700043360189,0.0,0.0,1.0,0.03302373581011353,0.8854489164086687,0.1429399305784744,1122.4288928432502,1912.8618708468387,276.829145686887,0.4981170946441672,7.269333391034269,23.40053992866254,0.8469992012961294,15.011823288952794,245.471653509109,287.93998958846566,6.0,182.43989663368592,213.43393904445182,63.0,7.0,0.0014716703458425313,0.14275202354672553,0.8557763061074319,0.3877476155539252,0.33088774761555395,520.3636682033872,0.2857142857142857,0.14285714285714285,0.2857142857142857,0.2857142857142857,3096.081070110191,4843.07672361548,601.3494815593135,0.226311615967381,0.6484681195191269,0.7309212595336843,0.756340574906691,0.8525097672606922,0.8871928556748216,6.435,195.479707832163
919699890,0.6421682651622019,29.53193969198741,131.31982976246871,0.8671469459480572,0.8223085339056576,346.75272548277184,192.72149202038472,9.535323522026202,113.33941279353549,-12.226204636246473,17.279673264504243,-37.326375227850505,9.0,244.31569033539373,283.68570830199286,0.2196571761939432,39.0,0.6020599913279624,0.6381578947368421,0.0,0.3618421052631579,0.4590973201692525,0.9774330042313116,0.1918633621366478,1625.281001582157,3281.8888036938483,544.4299447086096,0.6255151098901115,13.00448488514175,-74.90312552815506,0.8843812826072439,19.25254643017801,221.4410746721688,179.20437149878242,4.0,128.4279008169953,131.80684832200154,59.0,7.0,0.0,0.4093406593406593,0.5906593406593407,0.4464285714285714,0.1565934065934066,502.02630950561246,0.2857142857142857,0.2857142857142857,0.42857142857142855,0.0,2515.214912409466,4946.103261939925,794.2157841101198,0.254276961642811,1.5658916305212118,1.075428520010708,1.7992426368621866,1.2356901386954913,1.4560629566580772,6.3206,241.789332277403
919883526,0.4914517241379314,145.73257185669158,114.9714062285928,0.8924631407682274,0.4898708196116821,258.1256960486603,213.65404703922763,-133.9891631221632,-3.382180129193363,-48.99464356770154,28.61628001440923,-46.45701345836359,8.0,232.88264187429257,273.2440838384224,0.20645166616783464,27.0,0.3010299956639812,0.2327586206896552,0.0,0.7672413793103449,0.2025862068965517,0.8353448275862069,0.2087988694455505,1336.5682106896506,2064.454247178015,262.59744076621985,0.4596795073891634,21.771869874033037,-11.162317440862157,0.8666447161764254,13.60012315270936,218.8685494330697,201.11878313214626,3.0,121.60050828882255,136.17909213513622,47.0,7.0,0.0,0.13793103448275862,0.8620689655172413,0.4182266009852217,0.3827586206896552,290.10852684192395,0.42857142857142855,0.0,0.2857142857142857,0.2857142857142857,2290.87550233432,3309.3185364959263,382.9013566089433,0.243550262971714,1.1793640370774034,1.0623276638405523,1.2081479364688446,1.0882551396965288,1.1101697500879704,4.8048,197.811843906782
919950532,0.6150403846153865,72.54989511539142,192.6526759761287,0.851369990876504,0.7380344186309872,181.60674981796,192.6526759761287,-152.16847782128903,48.42140788612983,11.299134444934714,28.482480182095703,-30.183963838697327,10.0,223.09401023581964,270.8131121931192,0.3341097667617965,43.0,0.8450980400142568,0.4574175824175824,0.0,0.5425824175824175,0.2026098901098901,1.0,0.17966526628761706,1652.0016436322132,3196.007625309843,529.3625807396048,0.5794038714390071,8.969752990545247,-19.539116009323095,0.8873558920172281,23.41854566178891,239.86784238910576,217.99492357274647,5.0,137.49484701009706,166.55426570575202,81.0,7.0,0.0,0.6530314097881665,0.34696859021183346,0.4474068663257852,0.3319941563184806,394.8699393126187,0.5714285714285714,0.0,0.42857142857142855,0.0,3122.302998005919,5682.3003534634445,834.6529290475563,0.295968019610339,0.7571116995473011,0.8837484507378408,0.9426640398208775,1.1003368264631177,0.8567049808293177,5.6056,262.571402931394
922613228,0.6957546572934978,30.472964437089356,86.78328450729794,0.8685710261739871,0.74784347749226,299.93400278689165,177.5730554716803,107.61572425697891,-13.375694377211392,-40.87049966950482,-22.13048979368353,3.79850152319053,11.0,206.2342431760061,268.14802313958734,0.14917331813440066,49.0,0.6020599913279624,0.046103896103896105,0.0,0.9538961038961039,0.4340949033391915,0.9636789689513768,0.1892756751033777,2148.7639255797517,4748.825778291598,911.1379895893201,0.6369406210123352,7.701325738656621,-5.792165293944593,0.8675627371496554,15.350894101390045,188.36354983872602,184.527007966496,5.0,112.0837297849246,134.95674594879014,77.0,9.0,0.0,0.11226330027051397,0.887736699729486,0.3675031901318588,0.3168864313058273,411.151540308849,0.5555555555555556,0.1111111111111111,0.2222222222222222,0.1111111111111111,2859.5807397621447,5724.022813160107,941.2521720010741,0.157002433254704,1.59231445278925,0.9623147171167578,1.6890738405676964,1.0207912213746326,1.654671205237376,5.72,131.83466433738
924610453,0.5679219672131149,73.98202726318112,197.40583812116787,0.8870916432252159,0.5475931697182466,246.99731093141327,224.44436115302761,-81.12681035185689,-84.99017512016599,-11.482489638307435,8.63903114512388,-29.426827684022044,9.0,232.07385808162445,302.6357577985399,0.2778051785734025,31.0,0.6989700043360189,0.5041597337770383,0.0,0.4958402662229617,0.2754098360655738,0.9885245901639343,0.19543606592824314,1431.7585315856998,2555.647903281837,379.8486310762377,0.5694251644015771,13.270244173389786,4.487365547979493,0.9013100569379576,26.75094207924181,208.5386456823037,196.3041462122424,5.0,126.35068786199786,138.80084304995378,75.0,5.0,0.0,0.5469588550983899,0.45304114490161,0.4734765453748356,0.2538360368259535,594.1992883337332,0.6,0.2,0.2,0.0,2751.903830426041,4933.503769105399,719.59130383273,0.246117589234357,1.18441984756964,1.1433500793730575,1.1004834768961245,1.0623242030600488,1.03592055393839,6.8764,240.44661750347
925242241,0.4492198952879564,65.75430380723587,104.43509651447157,0.7993234570744449,0.5634559243131981,191.93666361890183,104.43509651447157,-48.02504682539424,83.72518975517366,-160.06123653047982,-69.31199318557492,-38.08409354085492,6.0,168.5107186828779,206.69951482313442,0.17855865248206546,21.0,0.3010299956639812,0.04472477064220184,0.0,0.9552752293577982,0.2073298429319372,1.0,0.1251478596241493,1113.4062912174204,1575.2751150601237,196.9640049424152,0.4635615428900389,19.956286054865565,39.70148201759264,0.7864534879944575,8.609551487009753,149.0662980600627,166.895087630577,4.0,118.49718296959637,143.43566316627076,51.0,9.0,0.0,0.5575014594279043,0.44249854057209576,0.3310305123776627,0.4749568221070812,577.3492716901937,0.5555555555555556,0.0,0.2222222222222222,0.2222222222222222,2012.170903280005,2920.7434149106075,377.3878404911548,0.152955298483164,1.2875926089045664,0.6257529685094094,1.8378559509666865,0.8931736708154143,2.0576691980730173,6.7782,134.376585219812
926816093,0.5966073441503009,70.69852815993629,80.4362867260939,0.8766382195246554,0.6888770909609394,413.47037226823403,194.96712408090875,116.18283544071457,213.8598472328093,-24.650514858391013,-69.03025272199032,-68.63594407587671,7.0,259.85540597549624,317.13345089896745,0.09605855205188447,58.0,0.3010299956639812,0.04645161290322581,0.0,0.953548387096774,0.3680614859094791,0.8812980358667806,0.15943515216130105,2872.923560508843,5397.825045973744,822.9274015195365,0.5984794788273623,7.070717067573737,9.201582882051524,0.901576663320364,11.305461593783441,175.03887832114742,222.3730622502991,6.0,116.04686766854157,127.92761112585586,40.0,4.0,0.0,0.1272430668841762,0.8727569331158238,0.4837133550488599,0.32166123778501626,444.7015059980513,0.25,0.0,0.25,0.5,1495.2011042600927,2814.8028739727297,426.82955301087037,0.16684538323445094,2.362163059052695,0.8767569331822092,2.1207184247978614,0.7871406570105457,2.694205166395628,5.9488,154.99635277669
926866005,0.660842378673956,317.39417631401136,-12.195943462022555,0.7990205395915888,0.3768828123676203,317.39417631401136,163.39214505334712,140.620132665147,-91.4473145282186,-12.736468999441545,-1.7957976352067713,52.56737546983388,11.0,325.960435376642,407.05694746359046,0.2187948713807476,39.0,0.6020599913279624,0.2439696760854583,0.0,0.7560303239145417,0.0,0.6541353383458647,0.1794183751276406,1831.3941139212811,3817.856648955231,735.653636388826,0.6711667844522983,63.20127226992582,-44.08613774783379,0.7816898108906795,6.881853798691172,219.76408498555912,139.4049768337118,12.0,166.38923373358628,274.79016326965564,77.0,7.0,0.0,0.006904955320877335,0.9930950446791228,0.3788771103258736,0.2728700431880644,290.10852684192395,0.14285714285714285,0.2857142857142857,0.42857142857142855,0.14285714285714285,3297.371868537083,6971.372047082687,1244.7617034589916,0.120055112025244,1.44424952937541,1.172068234323142,1.942530200643262,1.5764436103863286,1.2322230797505145,4.8048,111.903537079863
926887643,0.7027556085918918,9.76803837974542,98.07180709634792,0.7814693108762397,0.8148979625092538,187.20729421466626,138.2738636257088,84.73504508260497,-22.97582788835896,-60.17071321755538,72.78334704977809,66.10483804830577,7.0,144.6174449566165,190.83932144463824,0.2018855335657728,35.0,0.4771212547196624,0.3487629688747007,0.0,0.6512370311252993,0.426412092283214,0.9824980111376292,0.191804320709366,1498.9716739065545,3307.830897008057,632.2235965956403,0.643534879725086,29.020116878852573,-31.004281141732587,0.8342087240303966,14.317488693801547,254.1191428917116,157.68748607739963,5.0,143.10800082287506,154.55261935343242,62.0,8.0,0.0,0.3535483870967742,0.6464516129032258,0.4768041237113402,0.4222508591065292,359.4389553265037,0.375,0.125,0.5,0.0,2704.4405798571825,5463.671937488359,896.5447526711492,0.149022572951125,0.7366910343092152,0.8768854591152413,1.3538877796993838,1.6115365220990285,0.8401223063414928,5.3482,134.265206976663
927833265,0.4847159731543626,22.00855882784673,173.69831819451375,0.8782148812671529,0.671647194361919,294.25190393148085,173.69831819451375,80.6633708171813,48.73733311883396,22.216863405399184,25.8294909766189,-0.2776673877694523,10.0,230.18340392491368,287.144467828866,0.17416761277696755,45.0,0.6020599913279624,0.6385869565217391,0.0,0.3614130434782609,0.4630872483221477,1.0,0.12880686158298993,1795.2426367629987,2729.790217050689,367.1682715107644,0.4443710301394507,6.031786261505076,-34.72003902212364,0.8485120034961842,21.704765227183703,194.4844175619661,164.8578685091666,4.0,114.3987456141456,132.1002331258843,64.0,6.0,0.0,0.677027027027027,0.3229729729729729,0.3985605038236617,0.2613585245164193,268.3726094221139,0.3333333333333333,0.16666666666666666,0.5,0.0,2662.117852727357,3705.6081538136073,414.9598499684069,0.18295916373580806,1.5129844725875126,1.0536246753964043,1.694040028654548,1.1797096451671774,1.4359804851934432,4.6213,156.823556105426
929533489,0.550772591262717,28.289361107831354,147.4418933867258,0.8442528983524631,0.7458398190574593,325.36382236780634,204.32881006257458,-46.76349445013606,151.78858646572212,41.49095411020861,-69.16669627959477,-31.26726783967072,9.0,235.37386551497173,307.70680743324925,0.2439509951143068,39.0,0.8450980400142568,0.4487179487179487,0.0,0.5512820512820513,0.3674446439257929,0.9808497905445841,0.18968683004936746,1857.5109507270456,3226.9174608175285,498.3959941894207,0.5206431845597114,18.520705076842006,-2.119214377573897,0.8165514040803743,17.31834918867488,248.34979228076978,188.6425171891832,5.0,135.43598722769363,165.00547380800737,60.0,6.0,0.0,0.3112183353437877,0.6887816646562123,0.4089264173703257,0.33815842380377964,582.2316962313612,0.5,0.16666666666666666,0.3333333333333333,0.0,2785.556598623367,4554.579086159392,603.1217199958893,0.21889618640618694,1.3101030581896722,1.0831535388051472,1.5923541191678523,1.3165101695059984,1.2095266379638832,6.8068,206.572568881203
935046071,0.5007760330578515,57.09925332462865,145.07442408703784,0.8608916226365889,0.6682750035076459,253.5924957716867,189.7705408083109,0.8063206549782562,80.54057366290755,-57.46598530445604,-38.96215743939664,-23.4035588684294,9.0,229.0145320058533,284.1788436459981,0.17426828416222478,31.0,0.4771212547196624,0.04991680532445923,0.0,0.9500831946755408,0.28677685950413223,0.9388429752066116,0.20190404748774365,1408.3762424502552,2217.0470635594424,281.55576357593435,0.5024062809917352,4.718782090329512,80.05678697225326,0.8439374056354395,10.534668738106838,172.6837084340895,205.90387708104439,4.0,145.60570109339815,170.64079509141618,56.0,8.0,0.0,0.2386740331491713,0.7613259668508288,0.36198347107438017,0.36198347107438017,382.87459312410806,0.5,0.125,0.25,0.125,2115.682201460045,3333.7306456421643,424.13113366031683,0.23048139653371805,1.4685374669752285,0.9216462725158723,1.3363111823970772,0.8386617623820686,1.593385131332952,5.5198,217.68492150059
936001075,0.5434424180327879,73.6465967313212,137.00301920278358,0.8384259387008257,0.6597524954353359,348.0753122131066,173.19683233498782,250.9842668089367,-21.428573885625614,40.72219547358572,39.54373914951298,-52.285502871511916,11.0,226.6478400724128,289.67637175702464,0.13770688709893592,51.0,0.7781512503836436,0.6458117890382626,0.0,0.3541882109617373,0.4959016393442624,0.9702868852459016,0.2311815947942237,2224.0205416619488,3807.029702516266,548.0205964707392,0.5298001150747992,14.821948572938778,-12.049431508646931,0.8054039426121835,12.175374008962429,191.55476720297264,141.29084338065996,4.0,103.9716775971707,121.90607232231842,47.0,7.0,0.0,0.20363636363636364,0.7963636363636364,0.4487917146144994,0.38895281933256615,399.2777556604588,0.2857142857142857,0.2857142857142857,0.2857142857142857,0.14285714285714285,1985.304092195858,3306.503418992812,445.87848261603966,0.22739735252876506,1.817105975985885,1.2258178109133941,2.009709459003721,1.3557479212357286,1.4823621910273141,5.6368,220.100565634145
947344218,0.509643986254296,46.426571570296794,259.39623574111044,0.8270649146535981,0.38490441243740464,188.20631024043496,289.96096607955474,-146.671376939832,-141.01475551617696,29.75534908585455,60.75480104289665,-81.2084331096559,8.0,288.0043321127826,345.79127261636216,0.289575168417453,39.0,0.7781512503836436,0.3715596330275229,0.0,0.6284403669724771,0.09908361970217636,0.9347079037800688,0.2597688135503467,1967.2197951006226,3146.6163178098473,411.8159996683958,0.5148735944164402,4.427662236318582,2.650228553336376,0.8393070857184838,23.22922312187796,219.7749067825171,211.46848660140284,5.0,133.23875742549535,146.7717130928231,61.0,7.0,0.0,0.5701858442071965,0.42981415579280347,0.3955021326095386,0.2795657231485072,732.7645539269388,0.42857142857142855,0.14285714285714285,0.2857142857142857,0.14285714285714285,2865.1913546034584,4633.137439460086,602.7121276085156,0.347063736882574,0.8563594133459399,1.3711781397769325,0.6490746419599044,1.0392797069417299,0.6245427844154918,7.6362,298.230616042043
947496055,0.5691509230769223,35.60291479594788,229.78879333338423,0.8912666212197602,0.6457541982245414,221.57499282998288,240.5935882622935,-56.260194226563435,-87.94737416751585,26.58930067275593,-55.20631961909145,58.613669363291436,10.0,242.27735035244217,295.19234446370393,0.32791793288526777,33.0,0.9030899869919436,0.6392,0.0,0.3608,0.24384615384615385,0.9892307692307692,0.21329958237258384,1576.9791250306741,2854.00758075702,433.8680996099034,0.5408562630045786,3.1889135835729974,-53.714700899419135,0.894806815921253,27.822917961570607,223.8703712113796,182.82052562719258,6.0,120.03906178377936,152.951161749675,66.0,4.0,0.0,0.5472013366750209,0.4527986633249791,0.4065751144402829,0.2904702455264253,534.3325417853804,0.5,0.25,0.25,0.0,2821.130641567214,4809.250093085406,656.5609584325689,0.255461999924678,0.9897468415807941,1.3160097173821264,0.9209513621303296,1.224536306540852,0.7520817122457492,6.5208,231.194561626043
950034792,0.4869881278538833,25.22762633894225,156.29225752198454,0.8669693808937292,0.6171505862751644,209.269405942612,282.107052030844,-75.19461520752523,-57.46527008144408,86.84262491736503,68.2013260009941,-88.92223547850439,10.0,241.6823115952428,288.9069405176623,0.19182240870704587,63.0,0.8450980400142568,0.5300369685767098,0.0,0.4699630314232902,0.4424657534246576,0.8662100456621005,0.2113945287349645,2676.0183535457404,4085.3834886513823,506.96099325802396,0.4730311800172269,4.333419028996985,-45.41942581213422,0.8652165884604514,23.17994035349185,177.4156095049791,132.97881324329128,4.0,104.47588710836582,106.80236034190523,35.0,5.0,0.0,0.07242582897033159,0.9275741710296684,0.4599483204134367,0.2256675279931093,925.0909656949106,0.6,0.0,0.4,0.0,1375.4557301276438,2044.6825574402312,240.89149555099686,0.312039634348099,1.1795433700930296,2.1214435980468203,0.7418084887850718,1.3341644821298602,0.5560097714495058,8.58,269.433526451813
950075297,0.5319525179856139,2.9259168404492044,186.30681644527002,0.8793008593823677,0.5761662517704408,215.33077700375716,246.94557740218673,-152.44611007353672,-33.61776960506251,50.97578129105136,-29.511876968829302,42.51152880521976,7.0,241.2818794773657,294.8835595494631,0.2800033795499131,43.0,0.9030899869919436,0.4652014652014652,0.0,0.5347985347985348,0.4755395683453237,0.9676258992805756,0.2163888989714174,1598.8584193597476,2665.5773156242444,386.9451964768352,0.5148052488687807,15.957345838779945,-29.256659647529148,0.8163519516041295,21.620361990950226,226.08680826087175,173.45999758435158,4.0,130.79652533247972,142.21473596888868,61.0,5.0,0.0,0.3330316742081448,0.6669683257918552,0.4524886877828054,0.2352941176470588,716.3904438341386,0.2,0.2,0.4,0.2,2469.7354599294235,3990.726943166481,523.6632911926472,0.25035472739625697,0.9524252151646828,1.423645686851229,0.8719766487377084,1.303394508298251,0.6690043906017266,7.5504,219.951553145155
952669499,0.5633386503067513,80.66154516613291,194.17414319168918,0.7780794668249209,0.6904921038827545,201.05507571369068,248.99485214411686,48.363452673732425,-72.2831226140764,64.9452486894347,-11.80659550182985,-42.71028379801199,8.0,252.22274937661743,323.66723274132977,0.4051321533984393,41.0,1.0791812460476249,0.7272212790039615,0.0,0.2727787209960385,0.35248187395426656,0.9726715002788624,0.22047811128069086,2065.2418986283765,3653.722368973792,554.6341970526505,0.5088040364068048,22.81940627901485,-11.269798467893734,0.8250247231891966,29.74081028267149,227.31013237288803,183.80048417500458,4.0,130.18563390862295,158.38017519666457,61.0,7.0,0.0,0.2491883116883117,0.7508116883116883,0.484368816778789,0.4293628808864266,632.1866083788865,0.2857142857142857,0.14285714285714285,0.42857142857142855,0.14285714285714285,2879.840961759893,4607.14664072469,591.8534591114347,0.3116507661951789,0.8844967605045975,1.3547018293327118,0.8074667969333,1.2367221631280143,0.6529088108932988,7.0928,258.51281233636
954032889,0.6480987202925031,96.8539659288693,108.59032734735456,0.8959318408331779,0.41254091649881214,223.7846861015028,236.92838176911312,-112.69733408593046,-41.162401539985524,-9.687428042179206,49.777568876538325,-43.83664516772011,10.0,236.22149089179,288.67387796605726,0.22036366516639214,31.0,0.6020599913279624,0.4296160877513711,0.0,0.5703839122486288,0.19378427787934185,0.8318098720292505,0.1711403067979852,1303.6168669273625,2646.7545158128905,449.79468579962713,0.594263050847458,6.479593782676459,-18.53650314636536,0.9037643281336168,21.330575957464248,198.391645826953,171.27447961108237,4.0,111.34726039548524,132.38198063677888,57.0,5.0,0.0,0.17495126705653022,0.8250487329434698,0.4227602905569007,0.3060532687651332,411.151540308849,0.2,0.4,0.4,0.0,2418.9152101718005,4521.275650172236,680.1989080257697,0.2769227544162,1.1279945038446773,1.38332565544565,0.9445246045684014,1.158325783721231,0.8154222394446119,5.72,231.079543192248
954045943,0.5724038815117454,44.16603044316664,262.5859164190864,0.8956739981544691,0.4284499939806646,163.5076102889183,263.5063243332992,-87.86283236160169,-33.27192364062865,-62.00990705101207,83.01834683337601,-22.67945593729789,8.0,268.79535090756315,309.3652019298538,0.3581833736800955,23.0,0.6989700043360189,0.5127942681678608,0.0,0.4872057318321392,0.3472931562819203,0.9948927477017364,0.2801029117597617,1116.1196250532278,2004.7055362188946,302.57454552466936,0.4943709939148104,0.5879723860456494,-0.020968721367694343,0.8846154197484027,21.993237146073536,205.31529227441257,199.0100820309499,4.0,124.02104850734013,135.95672424561198,54.0,6.0,0.0,0.3906330416881112,0.6093669583118888,0.4989858012170385,0.460446247464503,448.987760805771,0.16666666666666666,0.16666666666666666,0.3333333333333333,0.3333333333333333,2315.916305733559,3596.8274072959553,441.7809072825689,0.409648057193476,0.7963732680485556,1.3240853008257083,0.6205073472244397,1.031682868421119,0.6014516342352958,5.9774,348.561656663898
954066469,0.5896085534591207,41.76931706286814,194.4701007325196,0.8785367222491262,0.638367560127615,282.0973036735735,279.66174020368334,-44.20080161157572,-56.65863101523645,7.920505135598277,64.09623923980942,-24.633430175654755,10.0,244.49253370845497,320.31869923996135,0.3197586002058825,41.0,0.9030899869919436,0.6937106918238993,0.0,0.3062893081761006,0.4748427672955975,0.9144654088050316,0.2684617257776641,1880.8166579794085,3494.0383904871155,531.9744953878958,0.559949071832123,27.78767530152349,-55.383780869692146,0.8944938498600508,31.63091507149709,191.52776955891468,168.20270906141775,5.0,124.26661224061749,128.75462528544028,66.0,6.0,0.0,0.3018563357546408,0.6981436642453591,0.4326069410815173,0.20056497175141244,289.31207278565995,0.6666666666666666,0.16666666666666666,0.16666666666666666,0.0,2879.440973073012,5080.058493689507,724.7932351194562,0.289177991014583,1.4728793862281118,1.6626470629647665,1.00870896200573,1.138672323577024,0.8858641253674917,4.7982,258.723286760057
962355052,0.5055290102389075,27.358331805556322,181.9647583151122,0.8499740306738117,0.497874889675671,196.5922117295137,193.14200394452615,-20.39316563524437,-21.268176758787178,-12.144422270071571,-14.521311902673313,-5.828724703001258,9.0,190.2994600881464,256.27088583774497,0.4463443186951327,33.0,0.9542425094393248,0.6826758147512865,0.0,0.31732418524871353,0.446245733788396,0.96160409556314,0.2951326858605415,1340.5479382855733,2128.050791351784,270.64143608249464,0.4882457859662889,6.7919391090592995,-46.338416333946284,0.8908115160160953,25.655619553760967,228.45430422460475,180.25390180908656,4.0,140.4058025738965,147.18236568904018,67.0,7.0,0.0,0.7065302911093627,0.2934697088906373,0.4735397883183066,0.2747941983535868,587.1346783495442,0.2857142857142857,0.2857142857142857,0.2857142857142857,0.14285714285714285,2944.1030887175325,4515.544412133877,553.2531471113657,0.253339815436839,0.8605318792165726,1.0714997123839785,1.0178635807567706,1.2674028241927822,0.803109762206073,6.8354,222.192562131109
962821095,0.6929827971109681,43.864662568461625,157.0783753483449,0.8202444142973431,0.5985344792442185,224.93951370537533,157.0783753483449,-98.01677004599316,28.028058457157197,83.1513368004673,-22.401164884338762,32.033770874771555,8.0,208.55423170834968,269.768243833508,0.2257013864438091,37.0,0.6989700043360189,0.5292186474064347,0.0,0.4707813525935654,0.3952724885095207,1.0,0.1622377113443873,1717.5451203083614,3742.5948185328994,690.4879412366237,0.6638088842975217,6.007815379394473,-30.73014921536611,0.8264341489577479,21.2625705724842,212.3559796402644,173.0718062990612,4.0,113.96993961014454,131.91604072985882,47.0,5.0,0.0,0.6833936885669943,0.3166063114330057,0.4705578512396694,0.4245867768595041,524.9994018203695,0.2,0.4,0.4,0.0,2171.3733851011093,4528.962968976963,771.6821717200393,0.230339381508142,1.0592567917627171,0.9075907781127547,1.4320208826105958,1.2269819341535138,1.167108367898291,6.4636,203.276054702499
963019667,0.5034163312248431,85.89233218428876,156.76827105332043,0.8493914310853704,0.7416239372410014,265.9680377882544,169.01981655904018,119.01176518575804,100.25354367887013,49.081720072322035,145.4308549055362,83.18336642419777,8.0,214.4562161763329,287.5258127540629,0.2335095220258481,39.0,0.9542425094393248,0.4927787406123628,0.0,0.5072212593876372,0.39160437032777456,0.9856239217941346,0.1865085062928519,2004.8433890602869,3167.0297989844044,414.3766517292236,0.4952631617113856,7.367526831159028,-23.608035047530464,0.8426732499113131,19.539327251125425,206.18981486064513,196.488120122696,4.0,123.25622118939889,133.82300213251153,73.0,9.0,0.0,0.5747460087082729,0.4252539912917272,0.4245830311820159,0.2918781725888325,378.9172595486354,0.3333333333333333,0.2222222222222222,0.4444444444444444,0.0,3119.097844273126,4852.986887949931,598.7535490683352,0.23648380782730494,1.2899184082783661,0.8602037438879085,1.5735908558115685,1.0493754774176218,1.4995498653008106,5.4912,203.780571146567
963055521,0.697354526889049,24.93718824356171,186.63366916713198,0.9094939868819945,0.4744704209120271,244.47940251346802,268.782276643365,-82.41010745696984,-48.68952424733914,47.44148809133067,-99.98223025423712,89.64655859716837,10.0,239.04046688550454,301.98771144266533,0.28841337035004,43.0,0.9542425094393248,0.5813478556841388,0.0,0.4186521443158611,0.3757658270932607,0.9707283866575902,0.2373684633328836,1740.3731114138905,3823.920376097089,686.6886147472302,0.67154720711814,16.363244448103828,-28.750979703155107,0.8818661546213772,25.87072996819759,201.46537998391847,164.483698633774,4.0,117.47972116629326,131.69084402063604,59.0,7.0,0.0,0.2031636183885319,0.7968363816114681,0.4780029658922392,0.2995551161641127,453.2945731905063,0.42857142857142855,0.14285714285714285,0.2857142857142857,0.14285714285714285,2406.2837568554805,5090.421056002538,888.0512472518184,0.26656232076210395,1.2135057771860507,1.6340967456101148,0.9095815600887132,1.2248349329284287,0.742615625694163,6.006,241.920063997792
